,Year,Maker,Total,MarketShare,Month,Sales
0,2019,Hero,7865,29%,Apr,1776.0
1,2019,Okinawa,10544,39%,Apr,984.0
2,2019,Ather,2905,11%,Apr,28.0
3,2019,Ampere,2518,9%,Apr,0.0
4,2019,Revolt,1063,4%,Apr,0.0
5,2019,Others,1939,7%,Apr,291.0
6,2020,Hero,15956,36%,Apr,39.0
7,2020,Okinawa,7129,16%,Apr,37.0
8,2020,Ampere,6095,14%,Apr,4.0
9,2020,Ather,4401,10%,Apr,0.0
10,2020,Revolt,1793,4%,Apr,0.0
11,2020,Bajaj,1470,3%,Apr,0.0
12,2020,Pure,2080,5%,Apr,0.0
13,2020,Being,1151,3%,Apr,0.0
14,2020,Jitendra,639,1%,Apr,0.0
15,2020,Tvs,838,2%,Apr,0.0
16,2020,Others,3251,7%,Apr,5.0
17,2021,Hero,69235,27%,Apr,759.0
18,2021,Okinawa,47926,19%,Apr,1198.0
19,2021,Ampere,25516,10%,Apr,751.0
20,2021,Ather,19981,8%,Apr,903.0
21,2021,Pure,14969,6%,Apr,581.0
22,2021,Ola,14405,6%,Apr,0.0
23,2021,Tvs,9740,4%,Apr,302.0
24,2021,Revolt,7641,3%,Apr,138.0
25,2021,Bajaj,7114,3%,Apr,48.0
26,2021,Being,7374,3%,Apr,171.0
27,2021,Jitendra,3875,2%,Apr,36.0
28,2021,Others,24865,10%,Apr,749.0
29,2022,Ola,152779,21%,Apr,12709.0
30,2022,Okinawa,95939,13%,Apr,11343.0
31,2022,Hero,89874,12%,Apr,6804.0
32,2022,Ampere,87392,12%,Apr,6865.0
33,2022,Tvs,82109,11%,Apr,1498.0
34,2022,Ather,76939,11%,Apr,2452.0
35,2022,Bajaj,32805,5%,Apr,1223.0
36,2022,Okaya,13175,2%,Apr,0.0
37,2022,Revolt,12932,2%,Apr,1241.0
38,2022,Pure,11556,2%,Apr,1756.0
39,2022,Being,11018,2%,Apr,874.0
40,2022,Jitendra,8563,1%,Apr,940.0
41,2022,Others,52973,7%,Apr,4684.0
42,2023,Ola,241836,33%,Apr,22068.0
43,2023,Tvs,141801,20%,Apr,8760.0
44,2023,Ather,82527,11%,Apr,7802.0
45,2023,Bajaj,77286,11%,Apr,4093.0
46,2023,Ampere,49301,7%,Apr,8875.0
47,2023,Okinawa,19532,3%,Apr,3218.0
48,2023,Hero,11447,2%,Apr,3333.0
49,2023,Okaya,12146,2%,Apr,1563.0
50,2023,Bgauss,10776,1%,Apr,771.0
51,2023,Battre,4047,1%,Apr,652.0
52,2023,Kinetic,5108,1%,Apr,848.0
53,2023,Revolt,6269,1%,Apr,526.0
54,2023,Others,62060,9%,Apr,4368.0
55,2019,Hero,7865,29%,May,455.0
56,2019,Okinawa,10544,39%,May,880.0
57,2019,Ather,2905,11%,May,107.0
58,2019,Ampere,2518,9%,May,103.0
59,2019,Revolt,1063,4%,May,0.0
60,2019,Others,1939,7%,May,123.0
61,2020,Hero,15956,36%,May,200.0
62,2020,Okinawa,7129,16%,May,90.0
63,2020,Ampere,6095,14%,May,44.0
64,2020,Ather,4401,10%,May,143.0
65,2020,Revolt,1793,4%,May,0.0
66,2020,Bajaj,1470,3%,May,28.0
67,2020,Pure,2080,5%,May,8.0
68,2020,Being,1151,3%,May,23.0
69,2020,Jitendra,639,1%,May,1.0
70,2020,Tvs,838,2%,May,19.0
71,2020,Others,3251,7%,May,2.0
72,2021,Hero,69235,27%,May,170.0
73,2021,Okinawa,47926,19%,May,318.0
74,2021,Ampere,25516,10%,May,147.0
75,2021,Ather,19981,8%,May,160.0
76,2021,Pure,14969,6%,May,122.0
77,2021,Ola,14405,6%,May,0.0
78,2021,Tvs,9740,4%,May,9.0
79,2021,Revolt,7641,3%,May,42.0
80,2021,Bajaj,7114,3%,May,20.0
81,2021,Being,7374,3%,May,54.0
82,2021,Jitendra,3875,2%,May,13.0
83,2021,Others,24865,10%,May,260.0
84,2022,Ola,152779,21%,May,9268.0
85,2022,Okinawa,95939,13%,May,9650.0
86,2022,Hero,89874,12%,May,2971.0
87,2022,Ampere,87392,12%,May,6177.0
88,2022,Tvs,82109,11%,May,478.0
89,2022,Ather,76939,11%,May,3338.0
90,2022,Bajaj,32805,5%,May,1812.0
91,2022,Okaya,13175,2%,May,19.0
92,2022,Revolt,12932,2%,May,1586.0
93,2022,Pure,11556,2%,May,1464.0
94,2022,Being,11018,2%,May,862.0
95,2022,Jitendra,8563,1%,May,646.0
96,2022,Others,52973,7%,May,3456.0
97,2023,Ola,241836,33%,May,28741.0
98,2023,Tvs,141801,20%,May,20435.0
99,2023,Ather,82527,11%,May,15430.0
100,2023,Bajaj,77286,11%,May,10099.0
101,2023,Ampere,49301,7%,May,10790.0
102,2023,Okinawa,19532,3%,May,2908.0
103,2023,Hero,11447,2%,May,2110.0
104,2023,Okaya,12146,2%,May,3878.0
105,2023,Bgauss,10776,1%,May,1814.0
106,2023,Battre,4047,1%,May,1199.0
107,2023,Kinetic,5108,1%,May,897.0
108,2023,Revolt,6269,1%,May,572.0
109,2023,Others,62060,9%,May,6708.0
110,2019,Hero,7865,29%,Jun,329.0
111,2019,Okinawa,10544,39%,Jun,731.0
112,2019,Ather,2905,11%,Jun,464.0
113,2019,Ampere,2518,9%,Jun,107.0
114,2019,Revolt,1063,4%,Jun,0.0
115,2019,Others,1939,7%,Jun,127.0
116,2020,Hero,15956,36%,Jun,530.0
117,2020,Okinawa,7129,16%,Jun,358.0
118,2020,Ampere,6095,14%,Jun,155.0
119,2020,Ather,4401,10%,Jun,157.0
120,2020,Revolt,1793,4%,Jun,102.0
121,2020,Bajaj,1470,3%,Jun,67.0
122,2020,Pure,2080,5%,Jun,4.0
123,2020,Being,1151,3%,Jun,33.0
124,2020,Jitendra,639,1%,Jun,7.0
125,2020,Tvs,838,2%,Jun,28.0
126,2020,Others,3251,7%,Jun,70.0
127,2021,Hero,69235,27%,Jun,1437.0
128,2021,Okinawa,47926,19%,Jun,984.0
129,2021,Ampere,25516,10%,Jun,299.0
130,2021,Ather,19981,8%,Jun,320.0
131,2021,Pure,14969,6%,Jun,460.0
132,2021,Ola,14405,6%,Jun,0.0
133,2021,Tvs,9740,4%,Jun,208.0
134,2021,Revolt,7641,3%,Jun,59.0
135,2021,Bajaj,7114,3%,Jun,176.0
136,2021,Being,7374,3%,Jun,198.0
137,2021,Jitendra,3875,2%,Jun,43.0
138,2021,Others,24865,10%,Jun,567.0
139,2022,Ola,152779,21%,Jun,5898.0
140,2022,Okinawa,95939,13%,Jun,7221.0
141,2022,Hero,89874,12%,Jun,6837.0
142,2022,Ampere,87392,12%,Jun,6920.0
143,2022,Tvs,82109,11%,Jun,1983.0
144,2022,Ather,76939,11%,Jun,3830.0
145,2022,Bajaj,32805,5%,Jun,1824.0
146,2022,Okaya,13175,2%,Jun,760.0
147,2022,Revolt,12932,2%,Jun,2424.0
148,2022,Pure,11556,2%,Jun,1125.0
149,2022,Being,11018,2%,Jun,1005.0
150,2022,Jitendra,8563,1%,Jun,568.0
151,2022,Others,52973,7%,Jun,3659.0
152,2023,Ola,241836,33%,Jun,17688.0
153,2023,Tvs,141801,20%,Jun,7867.0
154,2023,Ather,82527,11%,Jun,4603.0
155,2023,Bajaj,77286,11%,Jun,3011.0
156,2023,Ampere,49301,7%,Jun,3043.0
157,2023,Okinawa,19532,3%,Jun,2620.0
158,2023,Hero,11447,2%,Jun,1137.0
159,2023,Okaya,12146,2%,Jun,424.0
160,2023,Bgauss,10776,1%,Jun,191.0
161,2023,Battre,4047,1%,Jun,83.0
162,2023,Kinetic,5108,1%,Jun,203.0
163,2023,Revolt,6269,1%,Jun,714.0
164,2023,Others,62060,9%,Jun,4521.0
165,2019,Hero,7865,29%,Jul,260.0
166,2019,Okinawa,10544,39%,Jul,862.0
167,2019,Ather,2905,11%,Jul,300.0
168,2019,Ampere,2518,9%,Jul,35.0
169,2019,Revolt,1063,4%,Jul,0.0
170,2019,Others,1939,7%,Jul,111.0
171,2020,Hero,15956,36%,Jul,421.0
172,2020,Okinawa,7129,16%,Jul,411.0
173,2020,Ampere,6095,14%,Jul,204.0
174,2020,Ather,4401,10%,Jul,144.0
175,2020,Revolt,1793,4%,Jul,125.0
176,2020,Bajaj,1470,3%,Jul,32.0
177,2020,Pure,2080,5%,Jul,24.0
178,2020,Being,1151,3%,Jul,41.0
179,2020,Jitendra,639,1%,Jul,15.0
180,2020,Tvs,838,2%,Jul,26.0
181,2020,Others,3251,7%,Jul,45.0
182,2021,Hero,69235,27%,Jul,4572.0
183,2021,Okinawa,47926,19%,Jul,2634.0
184,2021,Ampere,25516,10%,Jul,663.0
185,2021,Ather,19981,8%,Jul,1799.0
186,2021,Pure,14969,6%,Jul,1417.0
187,2021,Ola,14405,6%,Jul,0.0
188,2021,Tvs,9740,4%,Jul,648.0
189,2021,Revolt,7641,3%,Jul,321.0
190,2021,Bajaj,7114,3%,Jul,730.0
191,2021,Being,7374,3%,Jul,494.0
192,2021,Jitendra,3875,2%,Jul,212.0
193,2021,Others,24865,10%,Jul,1202.0
194,2022,Ola,152779,21%,Jul,3865.0
195,2022,Okinawa,95939,13%,Jul,8396.0
196,2022,Hero,89874,12%,Jul,9306.0
197,2022,Ampere,87392,12%,Jul,6813.0
198,2022,Tvs,82109,11%,Jul,4349.0
199,2022,Ather,76939,11%,Jul,1289.0
200,2022,Bajaj,32805,5%,Jul,2483.0
201,2022,Okaya,13175,2%,Jul,1076.0
202,2022,Revolt,12932,2%,Jul,2319.0
203,2022,Pure,11556,2%,Jul,1000.0
204,2022,Being,11018,2%,Jul,1245.0
205,2022,Jitendra,8563,1%,Jul,880.0
206,2022,Others,52973,7%,Jul,3563.0
207,2023,Ola,241836,33%,Jul,19403.0
208,2023,Tvs,141801,20%,Jul,10398.0
209,2023,Ather,82527,11%,Jul,6685.0
210,2023,Bajaj,77286,11%,Jul,4130.0
211,2023,Ampere,49301,7%,Jul,3573.0
212,2023,Okinawa,19532,3%,Jul,2265.0
213,2023,Hero,11447,2%,Jul,779.0
214,2023,Okaya,12146,2%,Jul,784.0
215,2023,Bgauss,10776,1%,Jul,661.0
216,2023,Battre,4047,1%,Jul,135.0
217,2023,Kinetic,5108,1%,Jul,232.0
218,2023,Revolt,6269,1%,Jul,484.0
219,2023,Others,62060,9%,Jul,5082.0
220,2019,Hero,7865,29%,Aug,249.0
221,2019,Okinawa,10544,39%,Aug,882.0
222,2019,Ather,2905,11%,Aug,183.0
223,2019,Ampere,2518,9%,Aug,57.0
224,2019,Revolt,1063,4%,Aug,0.0
225,2019,Others,1939,7%,Aug,136.0
226,2020,Hero,15956,36%,Aug,581.0
227,2020,Okinawa,7129,16%,Aug,416.0
228,2020,Ampere,6095,14%,Aug,252.0
229,2020,Ather,4401,10%,Aug,243.0
230,2020,Revolt,1793,4%,Aug,274.0
231,2020,Bajaj,1470,3%,Aug,96.0
232,2020,Pure,2080,5%,Aug,79.0
233,2020,Being,1151,3%,Aug,54.0
234,2020,Jitendra,639,1%,Aug,13.0
235,2020,Tvs,838,2%,Aug,22.0
236,2020,Others,3251,7%,Aug,85.0
237,2021,Hero,69235,27%,Aug,5575.0
238,2021,Okinawa,47926,19%,Aug,2895.0
239,2021,Ampere,25516,10%,Aug,810.0
240,2021,Ather,19981,8%,Aug,1613.0
241,2021,Pure,14969,6%,Aug,1094.0
242,2021,Ola,14405,6%,Aug,0.0
243,2021,Tvs,9740,4%,Aug,651.0
244,2021,Revolt,7641,3%,Aug,853.0
245,2021,Bajaj,7114,3%,Aug,796.0
246,2021,Being,7374,3%,Aug,325.0
247,2021,Jitendra,3875,2%,Aug,208.0
248,2021,Others,24865,10%,Aug,1279.0
249,2022,Ola,152779,21%,Aug,3476.0
250,2022,Okinawa,95939,13%,Aug,8758.0
251,2022,Hero,89874,12%,Aug,10820.0
252,2022,Ampere,87392,12%,Aug,6772.0
253,2022,Tvs,82109,11%,Aug,6427.0
254,2022,Ather,76939,11%,Aug,5377.0
255,2022,Bajaj,32805,5%,Aug,2621.0
256,2022,Okaya,13175,2%,Aug,905.0
257,2022,Revolt,12932,2%,Aug,1662.0
258,2022,Pure,11556,2%,Aug,880.0
259,2022,Being,11018,2%,Aug,1099.0
260,2022,Jitendra,8563,1%,Aug,653.0
261,2022,Others,52973,7%,Aug,3679.0
262,2023,Ola,241836,33%,Aug,18744.0
263,2023,Tvs,141801,20%,Aug,15484.0
264,2023,Ather,82527,11%,Aug,7151.0
265,2023,Bajaj,77286,11%,Aug,6588.0
266,2023,Ampere,49301,7%,Aug,3699.0
267,2023,Okinawa,19532,3%,Aug,2001.0
268,2023,Hero,11447,2%,Aug,783.0
269,2023,Okaya,12146,2%,Aug,1151.0
270,2023,Bgauss,10776,1%,Aug,923.0
271,2023,Battre,4047,1%,Aug,291.0
272,2023,Kinetic,5108,1%,Aug,385.0
273,2023,Revolt,6269,1%,Aug,514.0
274,2023,Others,62060,9%,Aug,5051.0
275,2019,Hero,7865,29%,Sept,245.0
276,2019,Okinawa,10544,39%,Sept,940.0
277,2019,Ather,2905,11%,Sept,96.0
278,2019,Ampere,2518,9%,Sept,155.0
279,2019,Revolt,1063,4%,Sept,0.0
280,2019,Others,1939,7%,Sept,122.0
281,2020,Hero,15956,36%,Sept,1102.0
282,2020,Okinawa,7129,16%,Sept,584.0
283,2020,Ampere,6095,14%,Sept,317.0
284,2020,Ather,4401,10%,Sept,265.0
285,2020,Revolt,1793,4%,Sept,89.0
286,2020,Bajaj,1470,3%,Sept,231.0
287,2020,Pure,2080,5%,Sept,104.0
288,2020,Being,1151,3%,Sept,102.0
289,2020,Jitendra,639,1%,Sept,76.0
290,2020,Tvs,838,2%,Sept,25.0
291,2020,Others,3251,7%,Sept,194.0
292,2021,Hero,69235,27%,Sept,6652.0
293,2021,Okinawa,47926,19%,Sept,3322.0
294,2021,Ampere,25516,10%,Sept,807.0
295,2021,Ather,19981,8%,Sept,2175.0
296,2021,Pure,14969,6%,Sept,1337.0
297,2021,Ola,14405,6%,Sept,0.0
298,2021,Tvs,9740,4%,Sept,688.0
299,2021,Revolt,7641,3%,Sept,499.0
300,2021,Bajaj,7114,3%,Sept,381.0
301,2021,Being,7374,3%,Sept,337.0
302,2021,Jitendra,3875,2%,Sept,134.0
303,2021,Others,24865,10%,Sept,1627.0
304,2022,Ola,152779,21%,Sept,9898.0
305,2022,Okinawa,95939,13%,Sept,8499.0
306,2022,Hero,89874,12%,Sept,8210.0
307,2022,Ampere,87392,12%,Sept,6489.0
308,2022,Tvs,82109,11%,Sept,4002.0
309,2022,Ather,76939,11%,Sept,6281.0
310,2022,Bajaj,32805,5%,Sept,3650.0
311,2022,Okaya,13175,2%,Sept,954.0
312,2022,Revolt,12932,2%,Sept,865.0
313,2022,Pure,11556,2%,Sept,790.0
314,2022,Being,11018,2%,Sept,975.0
315,2022,Jitendra,8563,1%,Sept,661.0
316,2022,Others,52973,7%,Sept,3850.0
317,2023,Ola,241836,33%,Sept,18704.0
318,2023,Tvs,141801,20%,Sept,15612.0
319,2023,Ather,82527,11%,Sept,7191.0
320,2023,Bajaj,77286,11%,Sept,7105.0
321,2023,Ampere,49301,7%,Sept,4199.0
322,2023,Okinawa,19532,3%,Sept,1791.0
323,2023,Hero,11447,2%,Sept,845.0
324,2023,Okaya,12146,2%,Sept,884.0
325,2023,Bgauss,10776,1%,Sept,935.0
326,2023,Battre,4047,1%,Sept,258.0
327,2023,Kinetic,5108,1%,Sept,234.0
328,2023,Revolt,6269,1%,Sept,889.0
329,2023,Others,62060,9%,Sept,5421.0
330,2019,Hero,7865,29%,Oct,541.0
331,2019,Okinawa,10544,39%,Oct,1036.0
332,2019,Ather,2905,11%,Oct,140.0
333,2019,Ampere,2518,9%,Oct,176.0
334,2019,Revolt,1063,4%,Oct,89.0
335,2019,Others,1939,7%,Oct,154.0
336,2020,Hero,15956,36%,Oct,355.0
337,2020,Okinawa,7129,16%,Oct,558.0
338,2020,Ampere,6095,14%,Oct,786.0
339,2020,Ather,4401,10%,Oct,258.0
340,2020,Revolt,1793,4%,Oct,215.0
341,2020,Bajaj,1470,3%,Oct,222.0
342,2020,Pure,2080,5%,Oct,163.0
343,2020,Being,1151,3%,Oct,74.0
344,2020,Jitendra,639,1%,Oct,121.0
345,2020,Tvs,838,2%,Oct,26.0
346,2020,Others,3251,7%,Oct,175.0
347,2021,Hero,69235,27%,Oct,6687.0
348,2021,Okinawa,47926,19%,Oct,4167.0
349,2021,Ampere,25516,10%,Oct,1083.0
350,2021,Ather,19981,8%,Oct,2648.0
351,2021,Pure,14969,6%,Oct,1400.0
352,2021,Ola,14405,6%,Oct,0.0
353,2021,Tvs,9740,4%,Oct,486.0
354,2021,Revolt,7641,3%,Oct,900.0
355,2021,Bajaj,7114,3%,Oct,754.0
356,2021,Being,7374,3%,Oct,469.0
357,2021,Jitendra,3875,2%,Oct,283.0
358,2021,Others,24865,10%,Oct,1827.0
359,2022,Ola,152779,21%,Oct,16357.0
360,2022,Okinawa,95939,13%,Oct,14953.0
361,2022,Hero,89874,12%,Oct,8870.0
362,2022,Ampere,87392,12%,Oct,10115.0
363,2022,Tvs,82109,11%,Oct,5821.0
364,2022,Ather,76939,11%,Oct,7358.0
365,2022,Bajaj,32805,5%,Oct,3550.0
366,2022,Okaya,13175,2%,Oct,1968.0
367,2022,Revolt,12932,2%,Oct,1041.0
368,2022,Pure,11556,2%,Oct,1047.0
369,2022,Being,11018,2%,Oct,1422.0
370,2022,Jitendra,8563,1%,Oct,1111.0
371,2022,Others,52973,7%,Oct,4623.0
372,2023,Ola,241836,33%,Oct,23854.0
373,2023,Tvs,141801,20%,Oct,16502.0
374,2023,Ather,82527,11%,Oct,8470.0
375,2023,Bajaj,77286,11%,Oct,9069.0
376,2023,Ampere,49301,7%,Oct,4542.0
377,2023,Okinawa,19532,3%,Oct,1475.0
378,2023,Hero,11447,2%,Oct,666.0
379,2023,Okaya,12146,2%,Oct,874.0
380,2023,Bgauss,10776,1%,Oct,1171.0
381,2023,Battre,4047,1%,Oct,230.0
382,2023,Kinetic,5108,1%,Oct,394.0
383,2023,Revolt,6269,1%,Oct,688.0
384,2023,Others,62060,9%,Oct,7178.0
385,2019,Hero,7865,29%,Nov,859.0
386,2019,Okinawa,10544,39%,Nov,1436.0
387,2019,Ather,2905,11%,Nov,358.0
388,2019,Ampere,2518,9%,Nov,135.0
389,2019,Revolt,1063,4%,Nov,189.0
390,2019,Others,1939,7%,Nov,170.0
391,2020,Hero,15956,36%,Nov,1219.0
392,2020,Okinawa,7129,16%,Nov,664.0
393,2020,Ampere,6095,14%,Nov,655.0
394,2020,Ather,4401,10%,Nov,360.0
395,2020,Revolt,1793,4%,Nov,459.0
396,2020,Bajaj,1470,3%,Nov,253.0
397,2020,Pure,2080,5%,Nov,168.0
398,2020,Being,1151,3%,Nov,91.0
399,2020,Jitendra,639,1%,Nov,56.0
400,2020,Tvs,838,2%,Nov,26.0
401,2020,Others,3251,7%,Nov,237.0
402,2021,Hero,69235,27%,Nov,7457.0
403,2021,Okinawa,47926,19%,Nov,5544.0
404,2021,Ampere,25516,10%,Nov,2078.0
405,2021,Ather,19981,8%,Nov,2203.0
406,2021,Pure,14969,6%,Nov,1688.0
407,2021,Ola,14405,6%,Nov,0.0
408,2021,Tvs,9740,4%,Nov,522.0
409,2021,Revolt,7641,3%,Nov,780.0
410,2021,Bajaj,7114,3%,Nov,728.0
411,2021,Being,7374,3%,Nov,912.0
412,2021,Jitendra,3875,2%,Nov,273.0
413,2021,Others,24865,10%,Nov,2318.0
414,2022,Ola,152779,21%,Nov,16385.0
415,2022,Okinawa,95939,13%,Nov,9070.0
416,2022,Hero,89874,12%,Nov,9028.0
417,2022,Ampere,87392,12%,Nov,12449.0
418,2022,Tvs,82109,11%,Nov,8149.0
419,2022,Ather,76939,11%,Nov,7839.0
420,2022,Bajaj,32805,5%,Nov,3058.0
421,2022,Okaya,13175,2%,Nov,1783.0
422,2022,Revolt,12932,2%,Nov,524.0
423,2022,Pure,11556,2%,Nov,925.0
424,2022,Being,11018,2%,Nov,1216.0
425,2022,Jitendra,8563,1%,Nov,1256.0
426,2022,Others,52973,7%,Nov,5694.0
427,2023,Ola,241836,33%,Nov,29972.0
428,2023,Tvs,141801,20%,Nov,19140.0
429,2023,Ather,82527,11%,Nov,9326.0
430,2023,Bajaj,77286,11%,Nov,11912.0
431,2023,Ampere,49301,7%,Nov,4695.0
432,2023,Okinawa,19532,3%,Nov,1606.0
433,2023,Hero,11447,2%,Nov,824.0
434,2023,Okaya,12146,2%,Nov,1298.0
435,2023,Bgauss,10776,1%,Nov,1607.0
436,2023,Battre,4047,1%,Nov,667.0
437,2023,Kinetic,5108,1%,Nov,427.0
438,2023,Revolt,6269,1%,Nov,671.0
439,2023,Others,62060,9%,Nov,9828.0
440,2019,Hero,7865,29%,Dec,459.0
441,2019,Okinawa,10544,39%,Dec,782.0
442,2019,Ather,2905,11%,Dec,282.0
443,2019,Ampere,2518,9%,Dec,434.0
444,2019,Revolt,1063,4%,Dec,202.0
445,2019,Others,1939,7%,Dec,76.0
446,2020,Hero,15956,36%,Dec,1701.0
447,2020,Okinawa,7129,16%,Dec,626.0
448,2020,Ampere,6095,14%,Dec,942.0
449,2020,Ather,4401,10%,Dec,535.0
450,2020,Revolt,1793,4%,Dec,251.0
451,2020,Bajaj,1470,3%,Dec,184.0
452,2020,Pure,2080,5%,Dec,171.0
453,2020,Being,1151,3%,Dec,124.0
454,2020,Jitendra,639,1%,Dec,88.0
455,2020,Tvs,838,2%,Dec,42.0
456,2020,Others,3251,7%,Dec,284.0
457,2021,Hero,69235,27%,Dec,6407.0
458,2021,Okinawa,47926,19%,Dec,6413.0
459,2021,Ampere,25516,10%,Dec,3411.0
460,2021,Ather,19981,8%,Dec,1813.0
461,2021,Pure,14969,6%,Dec,1685.0
462,2021,Ola,14405,6%,Dec,240.0
463,2021,Tvs,9740,4%,Dec,1119.0
464,2021,Revolt,7641,3%,Dec,835.0
465,2021,Bajaj,7114,3%,Dec,642.0
466,2021,Being,7374,3%,Dec,1190.0
467,2021,Jitendra,3875,2%,Dec,503.0
468,2021,Others,24865,10%,Dec,2604.0
469,2022,Ola,152779,21%,Dec,17371.0
470,2022,Okinawa,95939,13%,Dec,5282.0
471,2022,Hero,89874,12%,Dec,8102.0
472,2022,Ampere,87392,12%,Dec,4593.0
473,2022,Tvs,82109,11%,Dec,9365.0
474,2022,Ather,76939,11%,Dec,7695.0
475,2022,Bajaj,32805,5%,Dec,3241.0
476,2022,Okaya,13175,2%,Dec,1448.0
477,2022,Revolt,12932,2%,Dec,37.0
478,2022,Pure,11556,2%,Dec,780.0
479,2022,Being,11018,2%,Dec,966.0
480,2022,Jitendra,8563,1%,Dec,668.0
481,2022,Others,52973,7%,Dec,5558.0
482,2023,Ola,241836,33%,Dec,30354.0
483,2023,Tvs,141801,20%,Dec,12312.0
484,2023,Ather,82527,11%,Dec,6546.0
485,2023,Bajaj,77286,11%,Dec,10413.0
486,2023,Ampere,49301,7%,Dec,3349.0
487,2023,Okinawa,19532,3%,Dec,965.0
488,2023,Hero,11447,2%,Dec,552.0
489,2023,Okaya,12146,2%,Dec,709.0
490,2023,Bgauss,10776,1%,Dec,1216.0
491,2023,Battre,4047,1%,Dec,244.0
492,2023,Kinetic,5108,1%,Dec,668.0
493,2023,Revolt,6269,1%,Dec,681.0
494,2023,Others,62060,9%,Dec,7783.0
495,2019,Hero,7865,29%,Jan,616.0
496,2019,Okinawa,10544,39%,Jan,734.0
497,2019,Ather,2905,11%,Jan,284.0
498,2019,Ampere,2518,9%,Jan,867.0
499,2019,Revolt,1063,4%,Jan,314.0
500,2019,Others,1939,7%,Jan,127.0
501,2020,Hero,15956,36%,Jan,1788.0
502,2020,Okinawa,7129,16%,Jan,746.0
503,2020,Ampere,6095,14%,Jan,954.0
504,2020,Ather,4401,10%,Jan,606.0
505,2020,Revolt,1793,4%,Jan,155.0
506,2020,Bajaj,1470,3%,Jan,100.0
507,2020,Pure,2080,5%,Jan,272.0
508,2020,Being,1151,3%,Jan,176.0
509,2020,Jitendra,639,1%,Jan,37.0
510,2020,Tvs,838,2%,Jan,149.0
511,2020,Others,3251,7%,Jan,336.0
512,2021,Hero,69235,27%,Jan,8153.0
513,2021,Okinawa,47926,19%,Jan,5739.0
514,2021,Ampere,25516,10%,Jan,4367.0
515,2021,Ather,19981,8%,Jan,1881.0
516,2021,Pure,14969,6%,Jan,1691.0
517,2021,Ola,14405,6%,Jan,1107.0
518,2021,Tvs,9740,4%,Jan,1155.0
519,2021,Revolt,7641,3%,Jan,673.0
520,2021,Bajaj,7114,3%,Jan,612.0
521,2021,Being,7374,3%,Jan,1062.0
522,2021,Jitendra,3875,2%,Jan,535.0
523,2021,Others,24865,10%,Jan,3066.0
524,2022,Ola,152779,21%,Jan,18353.0
525,2022,Okinawa,95939,13%,Jan,4408.0
526,2022,Hero,89874,12%,Jan,6400.0
527,2022,Ampere,87392,12%,Jan,4457.0
528,2022,Tvs,82109,11%,Jan,10464.0
529,2022,Ather,76939,11%,Jan,9226.0
530,2022,Bajaj,32805,5%,Jan,2252.0
531,2022,Okaya,13175,2%,Jan,1265.0
532,2022,Revolt,12932,2%,Jan,14.0
533,2022,Pure,11556,2%,Jan,717.0
534,2022,Being,11018,2%,Jan,571.0
535,2022,Jitendra,8563,1%,Jan,522.0
536,2022,Others,52973,7%,Jan,4242.0
537,2023,Ola,241836,33%,Jan,32308.0
538,2023,Tvs,141801,20%,Jan,15291.0
539,2023,Ather,82527,11%,Jan,9323.0
540,2023,Bajaj,77286,11%,Jan,10866.0
541,2023,Ampere,49301,7%,Jan,2536.0
542,2023,Okinawa,19532,3%,Jan,683.0
543,2023,Hero,11447,2%,Jan,418.0
544,2023,Okaya,12146,2%,Jan,581.0
545,2023,Bgauss,10776,1%,Jan,1487.0
546,2023,Battre,4047,1%,Jan,288.0
547,2023,Kinetic,5108,1%,Jan,820.0
548,2023,Revolt,6269,1%,Jan,530.0
549,2023,Others,62060,9%,Jan,6120.0
550,2019,Hero,7865,29%,Feb,648.0
551,2019,Okinawa,10544,39%,Feb,679.0
552,2019,Ather,2905,11%,Feb,369.0
553,2019,Ampere,2518,9%,Feb,296.0
554,2019,Revolt,1063,4%,Feb,155.0
555,2019,Others,1939,7%,Feb,206.0
556,2020,Hero,15956,36%,Feb,2308.0
557,2020,Okinawa,7129,16%,Feb,1092.0
558,2020,Ampere,6095,14%,Feb,825.0
559,2020,Ather,4401,10%,Feb,626.0
560,2020,Revolt,1793,4%,Feb,70.0
561,2020,Bajaj,1470,3%,Feb,111.0
562,2020,Pure,2080,5%,Feb,408.0
563,2020,Being,1151,3%,Feb,262.0
564,2020,Jitendra,639,1%,Feb,124.0
565,2020,Tvs,838,2%,Feb,208.0
566,2020,Others,3251,7%,Feb,545.0
567,2021,Hero,69235,27%,Feb,7804.0
568,2021,Okinawa,47926,19%,Feb,6124.0
569,2021,Ampere,25516,10%,Feb,4432.0
570,2021,Ather,19981,8%,Feb,2233.0
571,2021,Pure,14969,6%,Feb,1428.0
572,2021,Ola,14405,6%,Feb,3912.0
573,2021,Tvs,9740,4%,Feb,1560.0
574,2021,Revolt,7641,3%,Feb,1128.0
575,2021,Bajaj,7114,3%,Feb,1372.0
576,2021,Being,7374,3%,Feb,1149.0
577,2021,Jitendra,3875,2%,Feb,583.0
578,2021,Others,24865,10%,Feb,4034.0
579,2022,Ola,152779,21%,Feb,17772.0
580,2022,Okinawa,95939,13%,Feb,3849.0
581,2022,Hero,89874,12%,Feb,5864.0
582,2022,Ampere,87392,12%,Feb,6004.0
583,2022,Tvs,82109,11%,Feb,12674.0
584,2022,Ather,76939,11%,Feb,10071.0
585,2022,Bajaj,32805,5%,Feb,2538.0
586,2022,Okaya,13175,2%,Feb,1232.0
587,2022,Revolt,12932,2%,Feb,79.0
588,2022,Pure,11556,2%,Feb,488.0
589,2022,Being,11018,2%,Feb,337.0
590,2022,Jitendra,8563,1%,Feb,308.0
591,2022,Others,52973,7%,Feb,4875.0
592,2023,Ola,241836,33%,Feb,0.0
593,2023,Tvs,141801,20%,Feb,0.0
594,2023,Ather,82527,11%,Feb,0.0
595,2023,Bajaj,77286,11%,Feb,0.0
596,2023,Ampere,49301,7%,Feb,0.0
597,2023,Okinawa,19532,3%,Feb,0.0
598,2023,Hero,11447,2%,Feb,0.0
599,2023,Okaya,12146,2%,Feb,0.0
600,2023,Bgauss,10776,1%,Feb,0.0
601,2023,Battre,4047,1%,Feb,0.0
602,2023,Kinetic,5108,1%,Feb,0.0
603,2023,Revolt,6269,1%,Feb,0.0
604,2023,Others,62060,9%,Feb,0.0
605,2019,Hero,7865,29%,Mar,1428.0
606,2019,Okinawa,10544,39%,Mar,598.0
607,2019,Ather,2905,11%,Mar,294.0
608,2019,Ampere,2518,9%,Mar,153.0
609,2019,Revolt,1063,4%,Mar,114.0
610,2019,Others,1939,7%,Mar,296.0
611,2020,Hero,15956,36%,Mar,5712.0
612,2020,Okinawa,7129,16%,Mar,1547.0
613,2020,Ampere,6095,14%,Mar,957.0
614,2020,Ather,4401,10%,Mar,1064.0
615,2020,Revolt,1793,4%,Mar,53.0
616,2020,Bajaj,1470,3%,Mar,146.0
617,2020,Pure,2080,5%,Mar,679.0
618,2020,Being,1151,3%,Mar,171.0
619,2020,Jitendra,639,1%,Mar,101.0
620,2020,Tvs,838,2%,Mar,267.0
621,2020,Others,3251,7%,Mar,1273.0
622,2021,Hero,69235,27%,Mar,13562.0
623,2021,Okinawa,47926,19%,Mar,8588.0
624,2021,Ampere,25516,10%,Mar,6668.0
625,2021,Ather,19981,8%,Mar,2233.0
626,2021,Pure,14969,6%,Mar,2066.0
627,2021,Ola,14405,6%,Mar,9146.0
628,2021,Tvs,9740,4%,Mar,2392.0
629,2021,Revolt,7641,3%,Mar,1413.0
630,2021,Bajaj,7114,3%,Mar,855.0
631,2021,Being,7374,3%,Mar,1013.0
632,2021,Jitendra,3875,2%,Mar,1052.0
633,2021,Others,24865,10%,Mar,5332.0
634,2022,Ola,152779,21%,Mar,21427.0
635,2022,Okinawa,95939,13%,Mar,4510.0
636,2022,Hero,89874,12%,Mar,6662.0
637,2022,Ampere,87392,12%,Mar,9738.0
638,2022,Tvs,82109,11%,Mar,16899.0
639,2022,Ather,76939,11%,Mar,12183.0
640,2022,Bajaj,32805,5%,Mar,4553.0
641,2022,Okaya,13175,2%,Mar,1765.0
642,2022,Revolt,12932,2%,Mar,1140.0
643,2022,Pure,11556,2%,Mar,584.0
644,2022,Being,11018,2%,Mar,446.0
645,2022,Jitendra,8563,1%,Mar,350.0
646,2022,Others,52973,7%,Mar,5090.0
647,2023,Ola,241836,33%,Mar,0.0
648,2023,Tvs,141801,20%,Mar,0.0
649,2023,Ather,82527,11%,Mar,0.0
650,2023,Bajaj,77286,11%,Mar,0.0
651,2023,Ampere,49301,7%,Mar,0.0
652,2023,Okinawa,19532,3%,Mar,0.0
653,2023,Hero,11447,2%,Mar,0.0
654,2023,Okaya,12146,2%,Mar,0.0
655,2023,Bgauss,10776,1%,Mar,0.0
656,2023,Battre,4047,1%,Mar,0.0
657,2023,Kinetic,5108,1%,Mar,0.0
658,2023,Revolt,6269,1%,Mar,0.0
659,2023,Others,62060,9%,Mar,0.0
